world,axis,axis_value,axis_label,n,gap_CG,gap_CG_ci_lo,gap_CG_ci_hi,gap_AC,gap_AC_ci_lo,gap_AC_ci_hi
W2_pure_capture,action_channel_cost_scale,0.5,action_channel_cost_scale=0.50,80,0.15,0.07125959974122945,0.22874040025877054,0.15,0.07125959974122945,0.22874040025877054
W2_pure_capture,action_channel_cost_scale,1.0,action_channel_cost_scale=1.00,80,0.15,0.07125959974122945,0.22874040025877054,0.15,0.07125959974122945,0.22874040025877054
W2_pure_capture,action_channel_cost_scale,1.5,action_channel_cost_scale=1.50,80,0.15,0.07125959974122945,0.22874040025877054,0.15,0.07125959974122945,0.22874040025877054
W2_pure_capture,action_channel_cost_scale,2.0,action_channel_cost_scale=2.00,80,0.15,0.07125959974122945,0.22874040025877054,0.15,0.07125959974122945,0.22874040025877054
W2_pure_capture,action_channel_cost_scale,2.5,action_channel_cost_scale=2.50,80,0.15,0.07125959974122945,0.22874040025877054,0.15,0.07125959974122945,0.22874040025877054
W2_pure_capture,action_channel_cost_scale,3.0,action_channel_cost_scale=3.00,80,0.15,0.07125959974122945,0.22874040025877054,0.15,0.07125959974122945,0.22874040025877054
W2_pure_capture,adversarial_pressure,0.6,adversarial_pressure=0.60,80,1.0,1.0,1.0,0.0,0.0,0.0
W2_pure_capture,adversarial_pressure,0.8,adversarial_pressure=0.80,80,0.9625,0.9206053536546128,1.0043946463453872,0.35,0.23919146402208166,0.46080853597791827
W2_pure_capture,adversarial_pressure,1.0,adversarial_pressure=1.00,80,0.15,0.07125959974122945,0.22874040025877054,0.15,0.07125959974122945,0.22874040025877054
W2_pure_capture,adversarial_pressure,1.2,adversarial_pressure=1.20,80,0.0,0.0,0.0,0.0,0.0,0.0
W2_pure_capture,adversarial_pressure,1.4,adversarial_pressure=1.40,80,0.0,0.0,0.0,0.0,0.0,0.0
W2_pure_capture,adversarial_pressure,1.6,adversarial_pressure=1.60,80,0.0,0.0,0.0,-0.0125,-0.037,0.011999999999999997
W2_pure_capture,adversarial_pressure,1.8,adversarial_pressure=1.80,80,0.0,0.0,0.0,-0.1375,-0.21344049552616506,-0.06155950447383497
W2_pure_capture,cap_tightness,1.65,share=0.12;strength=0.45,80,0.1,0.033844831425549796,0.16615516857445023,0.1,0.033844831425549796,0.16615516857445023
W2_pure_capture,cap_tightness,1.8199999999999998,share=0.12;strength=0.62,80,0.15,0.07125959974122945,0.22874040025877054,0.15,0.07125959974122945,0.22874040025877054
W2_pure_capture,cap_tightness,2.02,share=0.12;strength=0.82,80,0.1,0.033844831425549796,0.16615516857445023,0.1,0.033844831425549796,0.16615516857445023
W2_pure_capture,cap_tightness,2.25,share=0.18;strength=0.45,80,0.1375,0.06155950447383497,0.21344049552616506,0.1375,0.06155950447383497,0.21344049552616506
W2_pure_capture,cap_tightness,2.42,share=0.18;strength=0.62,80,0.15,0.07125959974122945,0.22874040025877054,0.15,0.07125959974122945,0.22874040025877054
W2_pure_capture,cap_tightness,2.6199999999999997,share=0.18;strength=0.82,80,0.1,0.033844831425549796,0.16615516857445023,0.1,0.033844831425549796,0.16615516857445023
W2_pure_capture,cap_tightness,2.85,share=0.24;strength=0.45,80,0.125,0.05207078167102058,0.19792921832897942,0.125,0.05207078167102058,0.19792921832897942
W2_pure_capture,cap_tightness,3.02,share=0.24;strength=0.62,80,0.1375,0.06155950447383497,0.21344049552616506,0.1375,0.06155950447383497,0.21344049552616506
W2_pure_capture,cap_tightness,3.2199999999999998,share=0.24;strength=0.82,80,0.1125,0.042820830165244086,0.1821791698347559,0.1125,0.042820830165244086,0.1821791698347559
W2_pure_capture,cap_tightness,3.6500000000000004,share=0.32;strength=0.45,80,0.1125,0.042820830165244086,0.1821791698347559,0.1125,0.042820830165244086,0.1821791698347559
W2_pure_capture,cap_tightness,3.8200000000000003,share=0.32;strength=0.62,80,0.125,0.05207078167102058,0.19792921832897942,0.125,0.05207078167102058,0.19792921832897942
W2_pure_capture,cap_tightness,4.0200000000000005,share=0.32;strength=0.82,80,0.125,0.05207078167102058,0.19792921832897942,0.125,0.05207078167102058,0.19792921832897942
W2_pure_capture,catastrophe_severity,0.6,catastrophe_severity=0.60,80,0.15,0.07125959974122945,0.22874040025877054,0.15,0.07125959974122945,0.22874040025877054
W2_pure_capture,catastrophe_severity,0.8,catastrophe_severity=0.80,80,0.15,0.07125959974122945,0.22874040025877054,0.15,0.07125959974122945,0.22874040025877054
W2_pure_capture,catastrophe_severity,1.0,catastrophe_severity=1.00,80,0.15,0.07125959974122945,0.22874040025877054,0.15,0.07125959974122945,0.22874040025877054
W2_pure_capture,catastrophe_severity,1.2,catastrophe_severity=1.20,80,0.15,0.07125959974122945,0.22874040025877054,0.15,0.07125959974122945,0.22874040025877054
W2_pure_capture,catastrophe_severity,1.4,catastrophe_severity=1.40,80,0.15,0.07125959974122945,0.22874040025877054,0.15,0.07125959974122945,0.22874040025877054
W2_pure_capture,catastrophe_severity,1.6,catastrophe_severity=1.60,80,0.15,0.07125959974122945,0.22874040025877054,0.15,0.07125959974122945,0.22874040025877054
W2_pure_capture,delay,1,delay=1.00,80,0.25,0.15451323903814027,0.3454867609618597,0.25,0.15451323903814027,0.3454867609618597
W2_pure_capture,delay,2,delay=2.00,80,0.15,0.07125959974122945,0.22874040025877054,0.15,0.07125959974122945,0.22874040025877054
W2_pure_capture,delay,3,delay=3.00,80,0.1,0.033844831425549796,0.16615516857445023,0.1,0.033844831425549796,0.16615516857445023
W2_pure_capture,delay,4,delay=4.00,80,0.0625,0.009121277884502108,0.11587872211549789,0.0625,0.009121277884502108,0.11587872211549789
W2_pure_capture,delay,6,delay=6.00,80,0.025,-0.009428241277595839,0.05942824127759584,0.025,-0.009428241277595839,0.05942824127759584
W2_pure_capture,mutation_rate,0.0,mutation_rate=0.00,80,0.0,0.0,0.0,0.0,0.0,0.0
W2_pure_capture,mutation_rate,0.06,mutation_rate=0.06,80,0.0,0.0,0.0,0.0,0.0,0.0
W2_pure_capture,mutation_rate,0.12,mutation_rate=0.12,80,0.05,0.0019393842651789783,0.09806061573482103,0.05,0.0019393842651789783,0.09806061573482103
W2_pure_capture,mutation_rate,0.18,mutation_rate=0.18,80,0.15,0.07125959974122945,0.22874040025877054,0.15,0.07125959974122945,0.22874040025877054
W2_pure_capture,mutation_rate,0.24,mutation_rate=0.24,80,0.125,0.05207078167102058,0.19792921832897942,0.125,0.05207078167102058,0.19792921832897942
W2_pure_capture,mutation_rate,0.3,mutation_rate=0.30,80,0.0875,0.025189248545411984,0.149810751454588,0.0875,0.025189248545411984,0.149810751454588
W2_pure_capture,resource_concentration_pressure,0.7,resource_concentration_pressure=0.70,80,0.675,0.5717152761672125,0.7782847238327876,0.675,0.5717152761672125,0.7782847238327876
W2_pure_capture,resource_concentration_pressure,1.0,resource_concentration_pressure=1.00,80,0.15,0.07125959974122945,0.22874040025877054,0.15,0.07125959974122945,0.22874040025877054
W2_pure_capture,resource_concentration_pressure,1.3,resource_concentration_pressure=1.30,80,0.0125,-0.011999999999999997,0.037,0.0125,-0.011999999999999997,0.037
W2_pure_capture,resource_concentration_pressure,1.6,resource_concentration_pressure=1.60,80,0.0,0.0,0.0,0.0,0.0,0.0
W2_pure_capture,resource_concentration_pressure,2.0,resource_concentration_pressure=2.00,80,0.0,0.0,0.0,0.0,0.0,0.0
W2_pure_capture,signal_informativeness,1,signal_informativeness=1.00,80,0.25,0.15451323903814027,0.3454867609618597,0.25,0.15451323903814027,0.3454867609618597
W2_pure_capture,signal_informativeness,2,signal_informativeness=2.00,80,0.15,0.07125959974122945,0.22874040025877054,0.15,0.07125959974122945,0.22874040025877054
W2_pure_capture,signal_informativeness,3,signal_informativeness=3.00,80,0.1,0.033844831425549796,0.16615516857445023,0.1,0.033844831425549796,0.16615516857445023
W2_pure_capture,signal_informativeness,4,signal_informativeness=4.00,80,0.0625,0.009121277884502108,0.11587872211549789,0.0625,0.009121277884502108,0.11587872211549789
W2_pure_capture,signal_informativeness,6,signal_informativeness=6.00,80,0.025,-0.009428241277595839,0.05942824127759584,0.025,-0.009428241277595839,0.05942824127759584
W2_pure_capture,t_irrev,4,t_irrev=4.00,80,0.15,0.07125959974122945,0.22874040025877054,0.15,0.07125959974122945,0.22874040025877054
W2_pure_capture,t_irrev,6,t_irrev=6.00,80,0.15,0.07125959974122945,0.22874040025877054,0.15,0.07125959974122945,0.22874040025877054
W2_pure_capture,t_irrev,8,t_irrev=8.00,80,0.15,0.07125959974122945,0.22874040025877054,0.15,0.07125959974122945,0.22874040025877054
W2_pure_capture,t_irrev,10,t_irrev=10.00,80,0.15,0.07125959974122945,0.22874040025877054,0.15,0.07125959974122945,0.22874040025877054
W2_pure_capture,t_irrev,12,t_irrev=12.00,80,0.15,0.07125959974122945,0.22874040025877054,0.15,0.07125959974122945,0.22874040025877054
W3_catastrophe_ambiguity,action_channel_cost_scale,0.5,action_channel_cost_scale=0.50,80,0.8625,0.786559504473835,0.938440495526165,0.725,0.6205448736647093,0.8294551263352906
W3_catastrophe_ambiguity,action_channel_cost_scale,1.0,action_channel_cost_scale=1.00,80,0.8625,0.786559504473835,0.938440495526165,0.725,0.6205448736647093,0.8294551263352906
W3_catastrophe_ambiguity,action_channel_cost_scale,1.5,action_channel_cost_scale=1.50,80,0.8625,0.786559504473835,0.938440495526165,0.725,0.6205448736647093,0.8294551263352906
W3_catastrophe_ambiguity,action_channel_cost_scale,2.0,action_channel_cost_scale=2.00,80,0.8625,0.786559504473835,0.938440495526165,0.725,0.6205448736647093,0.8294551263352906
W3_catastrophe_ambiguity,action_channel_cost_scale,2.5,action_channel_cost_scale=2.50,80,0.8625,0.786559504473835,0.938440495526165,0.725,0.6205448736647093,0.8294551263352906
W3_catastrophe_ambiguity,action_channel_cost_scale,3.0,action_channel_cost_scale=3.00,80,0.8625,0.786559504473835,0.938440495526165,0.725,0.6205448736647093,0.8294551263352906
W3_catastrophe_ambiguity,adversarial_pressure,0.6,adversarial_pressure=0.60,80,1.0,1.0,1.0,0.0,0.0,0.0
W3_catastrophe_ambiguity,adversarial_pressure,0.8,adversarial_pressure=0.80,80,0.9625,0.9206053536546128,1.0043946463453872,0.1625,0.07399213365432829,0.25100786634567174
W3_catastrophe_ambiguity,adversarial_pressure,1.0,adversarial_pressure=1.00,80,0.8625,0.786559504473835,0.938440495526165,0.725,0.6205448736647093,0.8294551263352906
W3_catastrophe_ambiguity,adversarial_pressure,1.2,adversarial_pressure=1.20,80,0.35,0.24481998553414258,0.4551800144658574,0.325,0.21054858418403694,0.4394514158159631
W3_catastrophe_ambiguity,adversarial_pressure,1.4,adversarial_pressure=1.40,80,0.1125,0.042820830165244086,0.1821791698347559,-0.1375,-0.251785327474481,-0.023214672525518995
W3_catastrophe_ambiguity,adversarial_pressure,1.6,adversarial_pressure=1.60,80,0.125,0.05207078167102058,0.19792921832897942,-0.275,-0.4099260932248147,-0.14007390677518533
W3_catastrophe_ambiguity,adversarial_pressure,1.8,adversarial_pressure=1.80,80,0.0875,0.025189248545411984,0.149810751454588,-0.3125,-0.4312201661391243,-0.19377983386087574
W3_catastrophe_ambiguity,cap_tightness,1.65,share=0.12;strength=0.45,80,0.9,0.8338448314255498,0.9661551685744503,0.7625,0.656492491906696,0.8685075080933039
W3_catastrophe_ambiguity,cap_tightness,1.8199999999999998,share=0.12;strength=0.62,80,0.9125,0.850189248545412,0.974810751454588,0.775,0.682915902498541,0.8670840975014591
W3_catastrophe_ambiguity,cap_tightness,2.02,share=0.12;strength=0.82,80,0.9375,0.8841212778845021,0.9908787221154979,0.8,0.6989463107983394,0.9010536892016607
W3_catastrophe_ambiguity,cap_tightness,2.25,share=0.18;strength=0.45,80,0.8375,0.7561492396929713,0.9188507603070287,0.7,0.5931003072792187,0.8068996927207812
W3_catastrophe_ambiguity,cap_tightness,2.42,share=0.18;strength=0.62,80,0.8625,0.786559504473835,0.938440495526165,0.725,0.6205448736647093,0.8294551263352906
W3_catastrophe_ambiguity,cap_tightness,2.6199999999999997,share=0.18;strength=0.82,80,0.8125,0.7264293968060104,0.8985706031939896,0.675,0.560548584184037,0.7894514158159631
W3_catastrophe_ambiguity,cap_tightness,2.85,share=0.24;strength=0.45,80,0.8875,0.8178208301652441,0.9571791698347558,0.75,0.6545132390381403,0.8454867609618597
W3_catastrophe_ambiguity,cap_tightness,3.02,share=0.24;strength=0.62,80,0.875,0.8020707816710206,0.9479292183289794,0.7375,0.6404739856102786,0.8345260143897215
W3_catastrophe_ambiguity,cap_tightness,3.2199999999999998,share=0.24;strength=0.82,80,0.9,0.8338448314255498,0.9661551685744503,0.7625,0.6623905820133776,0.8626094179866223
W3_catastrophe_ambiguity,cap_tightness,3.6500000000000004,share=0.32;strength=0.45,80,0.8875,0.8178208301652441,0.9571791698347558,0.75,0.6483465803746918,0.8516534196253082
W3_catastrophe_ambiguity,cap_tightness,3.8200000000000003,share=0.32;strength=0.62,80,0.8875,0.8178208301652441,0.9571791698347558,0.75,0.6483465803746918,0.8516534196253082
W3_catastrophe_ambiguity,cap_tightness,4.0200000000000005,share=0.32;strength=0.82,80,0.8875,0.8178208301652441,0.9571791698347558,0.75,0.6483465803746918,0.8516534196253082
W3_catastrophe_ambiguity,catastrophe_severity,0.6,catastrophe_severity=0.60,80,0.9,0.8338448314255498,0.9661551685744503,0.8,0.7051519536377572,0.8948480463622429
W3_catastrophe_ambiguity,catastrophe_severity,0.8,catastrophe_severity=0.80,80,0.85,0.7712595997412295,0.9287404002587705,0.7,0.5875578348379527,0.8124421651620473
W3_catastrophe_ambiguity,catastrophe_severity,1.0,catastrophe_severity=1.00,80,0.8625,0.786559504473835,0.938440495526165,0.725,0.6205448736647093,0.8294551263352906
W3_catastrophe_ambiguity,catastrophe_severity,1.2,catastrophe_severity=1.20,80,0.875,0.8020707816710206,0.9479292183289794,0.7625,0.6509056991836789,0.874094300816321
W3_catastrophe_ambiguity,catastrophe_severity,1.4,catastrophe_severity=1.40,80,0.8875,0.8178208301652441,0.9571791698347558,0.8125,0.7196353407548983,0.9053646592451017
W3_catastrophe_ambiguity,catastrophe_severity,1.6,catastrophe_severity=1.60,80,0.875,0.8020707816710206,0.9479292183289794,0.775,0.6765359090064309,0.8734640909935691
W3_catastrophe_ambiguity,delay,1,delay=1.00,80,0.95,0.901939384265179,0.998060615734821,0.75,0.6483465803746918,0.8516534196253082
W3_catastrophe_ambiguity,delay,2,delay=2.00,80,0.8625,0.786559504473835,0.938440495526165,0.725,0.6205448736647093,0.8294551263352906
W3_catastrophe_ambiguity,delay,3,delay=3.00,80,0.8875,0.8178208301652441,0.9571791698347558,0.8375,0.7561492396929713,0.9188507603070287
W3_catastrophe_ambiguity,delay,4,delay=4.00,80,0.7875,0.6972915388907659,0.8777084611092341,0.7625,0.6686586478833099,0.85634135211669
W3_catastrophe_ambiguity,delay,6,delay=6.00,80,0.8875,0.8178208301652441,0.9571791698347558,0.8875,0.8178208301652441,0.9571791698347558
W3_catastrophe_ambiguity,mutation_rate,0.0,mutation_rate=0.00,80,0.0,0.0,0.0,0.0,0.0,0.0
W3_catastrophe_ambiguity,mutation_rate,0.06,mutation_rate=0.06,80,0.15,0.07125959974122945,0.22874040025877054,0.15,0.07125959974122945,0.22874040025877054
W3_catastrophe_ambiguity,mutation_rate,0.12,mutation_rate=0.12,80,0.6375,0.531492491906696,0.7435075080933039,0.6125,0.49955217122354034,0.7254478287764597
W3_catastrophe_ambiguity,mutation_rate,0.18,mutation_rate=0.18,80,0.8625,0.786559504473835,0.938440495526165,0.725,0.6205448736647093,0.8294551263352906
W3_catastrophe_ambiguity,mutation_rate,0.24,mutation_rate=0.24,80,0.9875,0.9630000000000001,1.012,0.8875,0.8178208301652441,0.9571791698347558
W3_catastrophe_ambiguity,mutation_rate,0.3,mutation_rate=0.30,80,0.9875,0.9630000000000001,1.012,0.8,0.7117931085673997,0.8882068914326003
W3_catastrophe_ambiguity,resource_concentration_pressure,0.7,resource_concentration_pressure=0.70,80,0.9375,0.8841212778845021,0.9908787221154979,0.875,0.8020707816710206,0.9479292183289794
W3_catastrophe_ambiguity,resource_concentration_pressure,1.0,resource_concentration_pressure=1.00,80,0.8625,0.786559504473835,0.938440495526165,0.725,0.6205448736647093,0.8294551263352906
W3_catastrophe_ambiguity,resource_concentration_pressure,1.3,resource_concentration_pressure=1.30,80,0.9,0.8338448314255498,0.9661551685744503,0.75,0.6483465803746918,0.8516534196253082
W3_catastrophe_ambiguity,resource_concentration_pressure,1.6,resource_concentration_pressure=1.60,80,0.9625,0.9206053536546128,1.0043946463453872,0.7,0.5989463107983393,0.8010536892016606
W3_catastrophe_ambiguity,resource_concentration_pressure,2.0,resource_concentration_pressure=2.00,80,0.9875,0.9630000000000001,1.012,0.6125,0.5050685529149644,0.7199314470850356
W3_catastrophe_ambiguity,signal_informativeness,1,signal_informativeness=1.00,80,0.95,0.901939384265179,0.998060615734821,0.75,0.6483465803746918,0.8516534196253082
W3_catastrophe_ambiguity,signal_informativeness,2,signal_informativeness=2.00,80,0.8625,0.786559504473835,0.938440495526165,0.725,0.6205448736647093,0.8294551263352906
W3_catastrophe_ambiguity,signal_informativeness,3,signal_informativeness=3.00,80,0.8875,0.8178208301652441,0.9571791698347558,0.8375,0.7561492396929713,0.9188507603070287
W3_catastrophe_ambiguity,signal_informativeness,4,signal_informativeness=4.00,80,0.7875,0.6972915388907659,0.8777084611092341,0.7625,0.6686586478833099,0.85634135211669
W3_catastrophe_ambiguity,signal_informativeness,6,signal_informativeness=6.00,80,0.8875,0.8178208301652441,0.9571791698347558,0.8875,0.8178208301652441,0.9571791698347558
W3_catastrophe_ambiguity,t_irrev,4,t_irrev=4.00,80,0.8625,0.786559504473835,0.938440495526165,0.725,0.6205448736647093,0.8294551263352906
W3_catastrophe_ambiguity,t_irrev,6,t_irrev=6.00,80,0.8625,0.786559504473835,0.938440495526165,0.725,0.6205448736647093,0.8294551263352906
W3_catastrophe_ambiguity,t_irrev,8,t_irrev=8.00,80,0.8625,0.786559504473835,0.938440495526165,0.725,0.6205448736647093,0.8294551263352906
W3_catastrophe_ambiguity,t_irrev,10,t_irrev=10.00,80,0.8625,0.786559504473835,0.938440495526165,0.725,0.6205448736647093,0.8294551263352906
W3_catastrophe_ambiguity,t_irrev,12,t_irrev=12.00,80,0.8625,0.786559504473835,0.938440495526165,0.725,0.6205448736647093,0.8294551263352906
W4_scavenger_catastrophe,action_channel_cost_scale,0.5,action_channel_cost_scale=0.50,80,0.7125,0.6126946356176499,0.8123053643823501,0.675,0.560548584184037,0.7894514158159631
W4_scavenger_catastrophe,action_channel_cost_scale,1.0,action_channel_cost_scale=1.00,80,0.7125,0.6126946356176499,0.8123053643823501,0.675,0.560548584184037,0.7894514158159631
W4_scavenger_catastrophe,action_channel_cost_scale,1.5,action_channel_cost_scale=1.50,80,0.7125,0.6126946356176499,0.8123053643823501,0.675,0.560548584184037,0.7894514158159631
W4_scavenger_catastrophe,action_channel_cost_scale,2.0,action_channel_cost_scale=2.00,80,0.7125,0.6126946356176499,0.8123053643823501,0.675,0.560548584184037,0.7894514158159631
W4_scavenger_catastrophe,action_channel_cost_scale,2.5,action_channel_cost_scale=2.50,80,0.7125,0.6126946356176499,0.8123053643823501,0.675,0.560548584184037,0.7894514158159631
W4_scavenger_catastrophe,action_channel_cost_scale,3.0,action_channel_cost_scale=3.00,80,0.7125,0.6126946356176499,0.8123053643823501,0.675,0.560548584184037,0.7894514158159631
W4_scavenger_catastrophe,adversarial_pressure,0.6,adversarial_pressure=0.60,80,1.0,1.0,1.0,0.0,0.0,0.0
W4_scavenger_catastrophe,adversarial_pressure,0.8,adversarial_pressure=0.80,80,1.0,1.0,1.0,0.0,0.0,0.0
W4_scavenger_catastrophe,adversarial_pressure,1.0,adversarial_pressure=1.00,80,0.7125,0.6126946356176499,0.8123053643823501,0.675,0.560548584184037,0.7894514158159631
W4_scavenger_catastrophe,adversarial_pressure,1.2,adversarial_pressure=1.20,80,0.4375,0.32810617250653085,0.5468938274934692,0.4375,0.32810617250653085,0.5468938274934692
W4_scavenger_catastrophe,adversarial_pressure,1.4,adversarial_pressure=1.40,80,0.2,0.11179310856739974,0.28820689143260025,0.2,0.11179310856739974,0.28820689143260025
W4_scavenger_catastrophe,adversarial_pressure,1.6,adversarial_pressure=1.60,80,0.1875,0.1014293968060104,0.2735706031939896,0.1875,0.1014293968060104,0.2735706031939896
W4_scavenger_catastrophe,adversarial_pressure,1.8,adversarial_pressure=1.80,80,0.2,0.11179310856739974,0.28820689143260025,0.2,0.11179310856739974,0.28820689143260025
W4_scavenger_catastrophe,cap_tightness,1.65,share=0.12;strength=0.45,80,0.75,0.6545132390381403,0.8454867609618597,0.7125,0.6126946356176499,0.8123053643823501
W4_scavenger_catastrophe,cap_tightness,1.8199999999999998,share=0.12;strength=0.62,80,0.75,0.6545132390381403,0.8454867609618597,0.7125,0.6126946356176499,0.8123053643823501
W4_scavenger_catastrophe,cap_tightness,2.02,share=0.12;strength=0.82,80,0.6875,0.5852875289384591,0.7897124710615409,0.65,0.5448199855341426,0.7551800144658575
W4_scavenger_catastrophe,cap_tightness,2.25,share=0.18;strength=0.45,80,0.7,0.5989463107983393,0.8010536892016606,0.6625,0.5525519253741837,0.7724480746258162
W4_scavenger_catastrophe,cap_tightness,2.42,share=0.18;strength=0.62,80,0.7125,0.6126946356176499,0.8123053643823501,0.675,0.560548584184037,0.7894514158159631
W4_scavenger_catastrophe,cap_tightness,2.6199999999999997,share=0.18;strength=0.82,80,0.5875,0.4789428488615737,0.6960571511384264,0.55,0.43488662715568216,0.6651133728443179
W4_scavenger_catastrophe,cap_tightness,2.85,share=0.24;strength=0.45,80,0.625,0.5182425557690042,0.7317574442309958,0.5875,0.4789428488615737,0.6960571511384264
W4_scavenger_catastrophe,cap_tightness,3.02,share=0.24;strength=0.62,80,0.6375,0.531492491906696,0.7435075080933039,0.6,0.4919690620965281,0.7080309379034718
W4_scavenger_catastrophe,cap_tightness,3.2199999999999998,share=0.24;strength=0.82,80,0.6,0.4919690620965281,0.7080309379034718,0.5625,0.4476840355342406,0.6773159644657594
W4_scavenger_catastrophe,cap_tightness,3.6500000000000004,share=0.32;strength=0.45,80,0.6375,0.531492491906696,0.7435075080933039,0.6,0.4919690620965281,0.7080309379034718
W4_scavenger_catastrophe,cap_tightness,3.8200000000000003,share=0.32;strength=0.62,80,0.6375,0.531492491906696,0.7435075080933039,0.6,0.4919690620965281,0.7080309379034718
W4_scavenger_catastrophe,cap_tightness,4.0200000000000005,share=0.32;strength=0.82,80,0.6375,0.531492491906696,0.7435075080933039,0.6,0.4919690620965281,0.7080309379034718
W4_scavenger_catastrophe,catastrophe_severity,0.6,catastrophe_severity=0.60,80,0.6375,0.531492491906696,0.7435075080933039,0.5875,0.47348091709795775,0.7015190829020422
W4_scavenger_catastrophe,catastrophe_severity,0.8,catastrophe_severity=0.80,80,0.6625,0.55822688308393,0.76677311691607,0.65,0.5391914640220817,0.7608085359779183
W4_scavenger_catastrophe,catastrophe_severity,1.0,catastrophe_severity=1.00,80,0.7125,0.6126946356176499,0.8123053643823501,0.675,0.560548584184037,0.7894514158159631
W4_scavenger_catastrophe,catastrophe_severity,1.2,catastrophe_severity=1.20,80,0.7375,0.6404739856102786,0.8345260143897215,0.7125,0.6126946356176499,0.8123053643823501
W4_scavenger_catastrophe,catastrophe_severity,1.4,catastrophe_severity=1.40,80,0.6625,0.55822688308393,0.76677311691607,0.625,0.5126930629868938,0.7373069370131062
W4_scavenger_catastrophe,catastrophe_severity,1.6,catastrophe_severity=1.60,80,0.65,0.5448199855341426,0.7551800144658575,0.625,0.5126930629868938,0.7373069370131062
W4_scavenger_catastrophe,delay,1,delay=1.00,80,0.625,0.5182425557690042,0.7317574442309958,0.5625,0.44250665894003044,0.6824933410599696
W4_scavenger_catastrophe,delay,2,delay=2.00,80,0.7125,0.6126946356176499,0.8123053643823501,0.675,0.560548584184037,0.7894514158159631
W4_scavenger_catastrophe,delay,3,delay=3.00,80,0.4125,0.30394284886157363,0.5210571511384263,0.3875,0.27455217122354036,0.5004478287764597
W4_scavenger_catastrophe,delay,4,delay=4.00,80,0.525,0.4148792952244985,0.6351207047755015,0.525,0.4148792952244985,0.6351207047755015
W4_scavenger_catastrophe,delay,6,delay=6.00,80,0.4125,0.30394284886157363,0.5210571511384263,0.4125,0.30394284886157363,0.5210571511384263
W4_scavenger_catastrophe,mutation_rate,0.0,mutation_rate=0.00,80,0.0,0.0,0.0,0.0,0.0,0.0
W4_scavenger_catastrophe,mutation_rate,0.06,mutation_rate=0.06,80,0.05,0.0019393842651789783,0.09806061573482103,0.0375,-0.017005573980435326,0.09200557398043532
W4_scavenger_catastrophe,mutation_rate,0.12,mutation_rate=0.12,80,0.3875,0.2800685529149644,0.4949314470850356,0.3875,0.2800685529149644,0.4949314470850356
W4_scavenger_catastrophe,mutation_rate,0.18,mutation_rate=0.18,80,0.7125,0.6126946356176499,0.8123053643823501,0.675,0.560548584184037,0.7894514158159631
W4_scavenger_catastrophe,mutation_rate,0.24,mutation_rate=0.24,80,0.6875,0.5852875289384591,0.7897124710615409,0.6625,0.5525519253741837,0.7724480746258162
W4_scavenger_catastrophe,mutation_rate,0.3,mutation_rate=0.30,80,0.75,0.6545132390381403,0.8454867609618597,0.75,0.6545132390381403,0.8454867609618597
W4_scavenger_catastrophe,resource_concentration_pressure,0.7,resource_concentration_pressure=0.70,80,0.6125,0.5050685529149644,0.7199314470850356,0.6125,0.5050685529149644,0.7199314470850356
W4_scavenger_catastrophe,resource_concentration_pressure,1.0,resource_concentration_pressure=1.00,80,0.7125,0.6126946356176499,0.8123053643823501,0.675,0.560548584184037,0.7894514158159631
W4_scavenger_catastrophe,resource_concentration_pressure,1.3,resource_concentration_pressure=1.30,80,0.7125,0.6126946356176499,0.8123053643823501,0.7,0.5989463107983393,0.8010536892016606
W4_scavenger_catastrophe,resource_concentration_pressure,1.6,resource_concentration_pressure=1.60,80,0.9125,0.850189248545412,0.974810751454588,0.7375,0.6404739856102786,0.8345260143897215
W4_scavenger_catastrophe,resource_concentration_pressure,2.0,resource_concentration_pressure=2.00,80,0.9875,0.9630000000000001,1.012,0.5875,0.4789428488615737,0.6960571511384264
W4_scavenger_catastrophe,signal_informativeness,1,signal_informativeness=1.00,80,0.625,0.5182425557690042,0.7317574442309958,0.5625,0.44250665894003044,0.6824933410599696
W4_scavenger_catastrophe,signal_informativeness,2,signal_informativeness=2.00,80,0.7125,0.6126946356176499,0.8123053643823501,0.675,0.560548584184037,0.7894514158159631
W4_scavenger_catastrophe,signal_informativeness,3,signal_informativeness=3.00,80,0.4125,0.30394284886157363,0.5210571511384263,0.3875,0.27455217122354036,0.5004478287764597
W4_scavenger_catastrophe,signal_informativeness,4,signal_informativeness=4.00,80,0.525,0.4148792952244985,0.6351207047755015,0.525,0.4148792952244985,0.6351207047755015
W4_scavenger_catastrophe,signal_informativeness,6,signal_informativeness=6.00,80,0.4125,0.30394284886157363,0.5210571511384263,0.4125,0.30394284886157363,0.5210571511384263
W4_scavenger_catastrophe,t_irrev,4,t_irrev=4.00,80,0.7125,0.6126946356176499,0.8123053643823501,0.675,0.560548584184037,0.7894514158159631
W4_scavenger_catastrophe,t_irrev,6,t_irrev=6.00,80,0.7125,0.6126946356176499,0.8123053643823501,0.675,0.560548584184037,0.7894514158159631
W4_scavenger_catastrophe,t_irrev,8,t_irrev=8.00,80,0.7125,0.6126946356176499,0.8123053643823501,0.675,0.560548584184037,0.7894514158159631
W4_scavenger_catastrophe,t_irrev,10,t_irrev=10.00,80,0.7125,0.6126946356176499,0.8123053643823501,0.675,0.560548584184037,0.7894514158159631
W4_scavenger_catastrophe,t_irrev,12,t_irrev=12.00,80,0.7125,0.6126946356176499,0.8123053643823501,0.675,0.560548584184037,0.7894514158159631
W5_monoculture_shock,action_channel_cost_scale,0.5,action_channel_cost_scale=0.50,80,0.0,0.0,0.0,0.0,0.0,0.0
W5_monoculture_shock,action_channel_cost_scale,1.0,action_channel_cost_scale=1.00,80,0.0,0.0,0.0,0.0,0.0,0.0
W5_monoculture_shock,action_channel_cost_scale,1.5,action_channel_cost_scale=1.50,80,0.0,0.0,0.0,0.0,0.0,0.0
W5_monoculture_shock,action_channel_cost_scale,2.0,action_channel_cost_scale=2.00,80,0.0,0.0,0.0,0.0,0.0,0.0
W5_monoculture_shock,action_channel_cost_scale,2.5,action_channel_cost_scale=2.50,80,0.0,0.0,0.0,0.0,0.0,0.0
W5_monoculture_shock,action_channel_cost_scale,3.0,action_channel_cost_scale=3.00,80,0.0,0.0,0.0,0.0,0.0,0.0
W5_monoculture_shock,adversarial_pressure,0.6,adversarial_pressure=0.60,80,0.0,0.0,0.0,0.0,0.0,0.0
W5_monoculture_shock,adversarial_pressure,0.8,adversarial_pressure=0.80,80,0.0,0.0,0.0,0.0,0.0,0.0
W5_monoculture_shock,adversarial_pressure,1.0,adversarial_pressure=1.00,80,0.0,0.0,0.0,0.0,0.0,0.0
W5_monoculture_shock,adversarial_pressure,1.2,adversarial_pressure=1.20,80,0.0,0.0,0.0,0.0,0.0,0.0
W5_monoculture_shock,adversarial_pressure,1.4,adversarial_pressure=1.40,80,0.0,0.0,0.0,0.0,0.0,0.0
W5_monoculture_shock,adversarial_pressure,1.6,adversarial_pressure=1.60,80,0.0,0.0,0.0,0.0,0.0,0.0
W5_monoculture_shock,adversarial_pressure,1.8,adversarial_pressure=1.80,80,0.0,0.0,0.0,0.0,0.0,0.0
W5_monoculture_shock,cap_tightness,1.65,share=0.12;strength=0.45,80,0.0,0.0,0.0,0.0,0.0,0.0
W5_monoculture_shock,cap_tightness,1.8199999999999998,share=0.12;strength=0.62,80,0.0,0.0,0.0,0.0,0.0,0.0
W5_monoculture_shock,cap_tightness,2.02,share=0.12;strength=0.82,80,0.0,0.0,0.0,0.0,0.0,0.0
W5_monoculture_shock,cap_tightness,2.25,share=0.18;strength=0.45,80,0.0,0.0,0.0,0.0,0.0,0.0
W5_monoculture_shock,cap_tightness,2.42,share=0.18;strength=0.62,80,0.0,0.0,0.0,0.0,0.0,0.0
W5_monoculture_shock,cap_tightness,2.6199999999999997,share=0.18;strength=0.82,80,0.0,0.0,0.0,0.0,0.0,0.0
W5_monoculture_shock,cap_tightness,2.85,share=0.24;strength=0.45,80,0.0,0.0,0.0,0.0,0.0,0.0
W5_monoculture_shock,cap_tightness,3.02,share=0.24;strength=0.62,80,0.0,0.0,0.0,0.0,0.0,0.0
W5_monoculture_shock,cap_tightness,3.2199999999999998,share=0.24;strength=0.82,80,0.0,0.0,0.0,0.0,0.0,0.0
W5_monoculture_shock,cap_tightness,3.6500000000000004,share=0.32;strength=0.45,80,0.0,0.0,0.0,0.0,0.0,0.0
W5_monoculture_shock,cap_tightness,3.8200000000000003,share=0.32;strength=0.62,80,0.0,0.0,0.0,0.0,0.0,0.0
W5_monoculture_shock,cap_tightness,4.0200000000000005,share=0.32;strength=0.82,80,0.0,0.0,0.0,0.0,0.0,0.0
W5_monoculture_shock,catastrophe_severity,0.6,catastrophe_severity=0.60,80,0.0,0.0,0.0,0.0,0.0,0.0
W5_monoculture_shock,catastrophe_severity,0.8,catastrophe_severity=0.80,80,0.0,0.0,0.0,0.0,0.0,0.0
W5_monoculture_shock,catastrophe_severity,1.0,catastrophe_severity=1.00,80,0.0,0.0,0.0,0.0,0.0,0.0
W5_monoculture_shock,catastrophe_severity,1.2,catastrophe_severity=1.20,80,0.0,0.0,0.0,0.0,0.0,0.0
W5_monoculture_shock,catastrophe_severity,1.4,catastrophe_severity=1.40,80,0.0,0.0,0.0,0.0,0.0,0.0
W5_monoculture_shock,catastrophe_severity,1.6,catastrophe_severity=1.60,80,0.0,0.0,0.0,0.0,0.0,0.0
W5_monoculture_shock,delay,1,delay=1.00,80,0.0,0.0,0.0,0.0,0.0,0.0
W5_monoculture_shock,delay,2,delay=2.00,80,0.0,0.0,0.0,0.0,0.0,0.0
W5_monoculture_shock,delay,3,delay=3.00,80,0.0,0.0,0.0,0.0,0.0,0.0
W5_monoculture_shock,delay,4,delay=4.00,80,0.0,0.0,0.0,0.0,0.0,0.0
W5_monoculture_shock,delay,6,delay=6.00,80,0.0,0.0,0.0,0.0,0.0,0.0
W5_monoculture_shock,mutation_rate,0.0,mutation_rate=0.00,80,0.0,0.0,0.0,0.0,0.0,0.0
W5_monoculture_shock,mutation_rate,0.06,mutation_rate=0.06,80,0.0,0.0,0.0,0.0,0.0,0.0
W5_monoculture_shock,mutation_rate,0.12,mutation_rate=0.12,80,0.0,0.0,0.0,0.0,0.0,0.0
W5_monoculture_shock,mutation_rate,0.18,mutation_rate=0.18,80,0.0,0.0,0.0,0.0,0.0,0.0
W5_monoculture_shock,mutation_rate,0.24,mutation_rate=0.24,80,0.0,0.0,0.0,0.0,0.0,0.0
W5_monoculture_shock,mutation_rate,0.3,mutation_rate=0.30,80,0.0,0.0,0.0,0.0,0.0,0.0
W5_monoculture_shock,resource_concentration_pressure,0.7,resource_concentration_pressure=0.70,80,0.0,0.0,0.0,0.0,0.0,0.0
W5_monoculture_shock,resource_concentration_pressure,1.0,resource_concentration_pressure=1.00,80,0.0,0.0,0.0,0.0,0.0,0.0
W5_monoculture_shock,resource_concentration_pressure,1.3,resource_concentration_pressure=1.30,80,0.0,0.0,0.0,0.0,0.0,0.0
W5_monoculture_shock,resource_concentration_pressure,1.6,resource_concentration_pressure=1.60,80,0.0,0.0,0.0,0.0,0.0,0.0
W5_monoculture_shock,resource_concentration_pressure,2.0,resource_concentration_pressure=2.00,80,0.0,0.0,0.0,0.0,0.0,0.0
W5_monoculture_shock,signal_informativeness,1,signal_informativeness=1.00,80,0.0,0.0,0.0,0.0,0.0,0.0
W5_monoculture_shock,signal_informativeness,2,signal_informativeness=2.00,80,0.0,0.0,0.0,0.0,0.0,0.0
W5_monoculture_shock,signal_informativeness,3,signal_informativeness=3.00,80,0.0,0.0,0.0,0.0,0.0,0.0
W5_monoculture_shock,signal_informativeness,4,signal_informativeness=4.00,80,0.0,0.0,0.0,0.0,0.0,0.0
W5_monoculture_shock,signal_informativeness,6,signal_informativeness=6.00,80,0.0,0.0,0.0,0.0,0.0,0.0
W5_monoculture_shock,t_irrev,4,t_irrev=4.00,80,0.0,0.0,0.0,0.0,0.0,0.0
W5_monoculture_shock,t_irrev,6,t_irrev=6.00,80,0.0,0.0,0.0,0.0,0.0,0.0
W5_monoculture_shock,t_irrev,8,t_irrev=8.00,80,0.0,0.0,0.0,0.0,0.0,0.0
W5_monoculture_shock,t_irrev,10,t_irrev=10.00,80,0.0,0.0,0.0,0.0,0.0,0.0
W5_monoculture_shock,t_irrev,12,t_irrev=12.00,80,0.0,0.0,0.0,0.0,0.0,0.0
W6_mutation_corridor,action_channel_cost_scale,0.5,action_channel_cost_scale=0.50,80,1.0,1.0,1.0,1.0,1.0,1.0
W6_mutation_corridor,action_channel_cost_scale,1.0,action_channel_cost_scale=1.00,80,1.0,1.0,1.0,1.0,1.0,1.0
W6_mutation_corridor,action_channel_cost_scale,1.5,action_channel_cost_scale=1.50,80,1.0,1.0,1.0,1.0,1.0,1.0
W6_mutation_corridor,action_channel_cost_scale,2.0,action_channel_cost_scale=2.00,80,1.0,1.0,1.0,1.0,1.0,1.0
W6_mutation_corridor,action_channel_cost_scale,2.5,action_channel_cost_scale=2.50,80,1.0,1.0,1.0,1.0,1.0,1.0
W6_mutation_corridor,action_channel_cost_scale,3.0,action_channel_cost_scale=3.00,80,1.0,1.0,1.0,1.0,1.0,1.0
W6_mutation_corridor,adversarial_pressure,0.6,adversarial_pressure=0.60,80,1.0,1.0,1.0,0.0,0.0,0.0
W6_mutation_corridor,adversarial_pressure,0.8,adversarial_pressure=0.80,80,1.0,1.0,1.0,0.0,0.0,0.0
W6_mutation_corridor,adversarial_pressure,1.0,adversarial_pressure=1.00,80,1.0,1.0,1.0,1.0,1.0,1.0
W6_mutation_corridor,adversarial_pressure,1.2,adversarial_pressure=1.20,80,0.7,0.5989463107983393,0.8010536892016606,0.7,0.5989463107983393,0.8010536892016606
W6_mutation_corridor,adversarial_pressure,1.4,adversarial_pressure=1.40,80,0.175,0.09121070730922563,0.25878929269077433,0.1625,0.07399213365432829,0.25100786634567174
W6_mutation_corridor,adversarial_pressure,1.6,adversarial_pressure=1.60,80,0.075,0.016917670828165685,0.13308232917183432,0.0625,-0.0012572284310978232,0.12625722843109782
W6_mutation_corridor,adversarial_pressure,1.8,adversarial_pressure=1.80,80,0.1,0.033844831425549796,0.16615516857445023,0.1,0.033844831425549796,0.16615516857445023
W6_mutation_corridor,cap_tightness,1.65,share=0.12;strength=0.45,80,1.0,1.0,1.0,1.0,1.0,1.0
W6_mutation_corridor,cap_tightness,1.8199999999999998,share=0.12;strength=0.62,80,1.0,1.0,1.0,1.0,1.0,1.0
W6_mutation_corridor,cap_tightness,2.02,share=0.12;strength=0.82,80,0.9875,0.9630000000000001,1.012,0.9875,0.9630000000000001,1.012
W6_mutation_corridor,cap_tightness,2.25,share=0.18;strength=0.45,80,1.0,1.0,1.0,1.0,1.0,1.0
W6_mutation_corridor,cap_tightness,2.42,share=0.18;strength=0.62,80,1.0,1.0,1.0,1.0,1.0,1.0
W6_mutation_corridor,cap_tightness,2.6199999999999997,share=0.18;strength=0.82,80,1.0,1.0,1.0,1.0,1.0,1.0
W6_mutation_corridor,cap_tightness,2.85,share=0.24;strength=0.45,80,1.0,1.0,1.0,1.0,1.0,1.0
W6_mutation_corridor,cap_tightness,3.02,share=0.24;strength=0.62,80,1.0,1.0,1.0,1.0,1.0,1.0
W6_mutation_corridor,cap_tightness,3.2199999999999998,share=0.24;strength=0.82,80,0.9875,0.9630000000000001,1.012,0.9875,0.9630000000000001,1.012
W6_mutation_corridor,cap_tightness,3.6500000000000004,share=0.32;strength=0.45,80,1.0,1.0,1.0,1.0,1.0,1.0
W6_mutation_corridor,cap_tightness,3.8200000000000003,share=0.32;strength=0.62,80,1.0,1.0,1.0,1.0,1.0,1.0
W6_mutation_corridor,cap_tightness,4.0200000000000005,share=0.32;strength=0.82,80,1.0,1.0,1.0,1.0,1.0,1.0
W6_mutation_corridor,catastrophe_severity,0.6,catastrophe_severity=0.60,80,1.0,1.0,1.0,1.0,1.0,1.0
W6_mutation_corridor,catastrophe_severity,0.8,catastrophe_severity=0.80,80,1.0,1.0,1.0,1.0,1.0,1.0
W6_mutation_corridor,catastrophe_severity,1.0,catastrophe_severity=1.00,80,1.0,1.0,1.0,1.0,1.0,1.0
W6_mutation_corridor,catastrophe_severity,1.2,catastrophe_severity=1.20,80,1.0,1.0,1.0,1.0,1.0,1.0
W6_mutation_corridor,catastrophe_severity,1.4,catastrophe_severity=1.40,80,1.0,1.0,1.0,1.0,1.0,1.0
W6_mutation_corridor,catastrophe_severity,1.6,catastrophe_severity=1.60,80,1.0,1.0,1.0,1.0,1.0,1.0
W6_mutation_corridor,delay,1,delay=1.00,80,1.0,1.0,1.0,1.0,1.0,1.0
W6_mutation_corridor,delay,2,delay=2.00,80,1.0,1.0,1.0,1.0,1.0,1.0
W6_mutation_corridor,delay,3,delay=3.00,80,1.0,1.0,1.0,1.0,1.0,1.0
W6_mutation_corridor,delay,4,delay=4.00,80,1.0,1.0,1.0,1.0,1.0,1.0
W6_mutation_corridor,delay,6,delay=6.00,80,1.0,1.0,1.0,1.0,1.0,1.0
W6_mutation_corridor,mutation_rate,0.0,mutation_rate=0.00,80,0.9875,0.9630000000000001,1.012,0.6,0.4919690620965281,0.7080309379034718
W6_mutation_corridor,mutation_rate,0.06,mutation_rate=0.06,80,0.9875,0.9630000000000001,1.012,0.9125,0.850189248545412,0.974810751454588
W6_mutation_corridor,mutation_rate,0.12,mutation_rate=0.12,80,1.0,1.0,1.0,0.9875,0.9630000000000001,1.012
W6_mutation_corridor,mutation_rate,0.18,mutation_rate=0.18,80,1.0,1.0,1.0,1.0,1.0,1.0
W6_mutation_corridor,mutation_rate,0.24,mutation_rate=0.24,80,1.0,1.0,1.0,0.9875,0.9630000000000001,1.012
W6_mutation_corridor,mutation_rate,0.3,mutation_rate=0.30,80,1.0,1.0,1.0,0.9875,0.9630000000000001,1.012
W6_mutation_corridor,resource_concentration_pressure,0.7,resource_concentration_pressure=0.70,80,0.8875,0.8178208301652441,0.9571791698347558,0.8875,0.8178208301652441,0.9571791698347558
W6_mutation_corridor,resource_concentration_pressure,1.0,resource_concentration_pressure=1.00,80,1.0,1.0,1.0,1.0,1.0,1.0
W6_mutation_corridor,resource_concentration_pressure,1.3,resource_concentration_pressure=1.30,80,1.0,1.0,1.0,0.7375,0.6404739856102786,0.8345260143897215
W6_mutation_corridor,resource_concentration_pressure,1.6,resource_concentration_pressure=1.60,80,1.0,1.0,1.0,0.1875,0.1014293968060104,0.2735706031939896
W6_mutation_corridor,resource_concentration_pressure,2.0,resource_concentration_pressure=2.00,80,1.0,1.0,1.0,0.025,-0.009428241277595839,0.05942824127759584
W6_mutation_corridor,signal_informativeness,1,signal_informativeness=1.00,80,1.0,1.0,1.0,1.0,1.0,1.0
W6_mutation_corridor,signal_informativeness,2,signal_informativeness=2.00,80,1.0,1.0,1.0,1.0,1.0,1.0
W6_mutation_corridor,signal_informativeness,3,signal_informativeness=3.00,80,1.0,1.0,1.0,1.0,1.0,1.0
W6_mutation_corridor,signal_informativeness,4,signal_informativeness=4.00,80,1.0,1.0,1.0,1.0,1.0,1.0
W6_mutation_corridor,signal_informativeness,6,signal_informativeness=6.00,80,1.0,1.0,1.0,1.0,1.0,1.0
W6_mutation_corridor,t_irrev,4,t_irrev=4.00,80,1.0,1.0,1.0,1.0,1.0,1.0
W6_mutation_corridor,t_irrev,6,t_irrev=6.00,80,1.0,1.0,1.0,1.0,1.0,1.0
W6_mutation_corridor,t_irrev,8,t_irrev=8.00,80,1.0,1.0,1.0,1.0,1.0,1.0
W6_mutation_corridor,t_irrev,10,t_irrev=10.00,80,1.0,1.0,1.0,1.0,1.0,1.0
W6_mutation_corridor,t_irrev,12,t_irrev=12.00,80,1.0,1.0,1.0,1.0,1.0,1.0
